feature,mean_importance
Ticket_pp,-0.0016422316163672624
Name_ernest,-0.0011362153279976695
Pclass_ratio_Parch,-0.0008902249068964308
Parch_sum_Age,-0.0003029183508372002
random_feature,-5.473474457045047e-05
Name_charles,0.0
Ticket_3101279,0.0
Name_david,0.0
Ticket_3101278,0.0
Ticket_2699,0.0
Ticket_2668,0.0
Name_edward,0.0
Ticket_2653,0.0
Ticket_2627,0.0
Name_eugene,0.0
Ticket_17453,0.0
Ticket_2343,0.0
Ticket_11967,0.0
Name_johansson,0.0
Name_johan,0.0
Name_goodwin,0.0
Ticket_19996,0.0
Name_hanna,0.0
Ticket_17755,0.0
Ticket_17421,0.0
Name_impe,0.0
Name_jr,0.0
Ticket_31921,0.0
Name_laroche,0.0
Name_campbell,0.0
Age_diff_SibSp,0.0
Name_richard,0.0
Age_multiply_Pclass,0.0
Parch,0.0
Ticket_oq,0.0
Name_alexander,0.0
Name_alfred,0.0
Ticket_o2,0.0
Name_carl,0.0
Name_smith,0.0
Name_ida,0.0
Ticket_349217,0.0
Name_solomon,0.0
Name_thayer,0.0
Ticket_349207,0.0
Ticket_347080,0.0
Ticket_345765,0.0
Ticket_111361,1.1102230246251566e-17
Name_williams,1.1102230246251566e-17
Name_rice,1.1102230246251566e-17
Ticket_14879,1.1102230246251566e-17
Ticket_13502,1.1102230246251566e-17
Name_samuel,1.1102230246251566e-17
Name_viktor,1.1102230246251566e-17
Name_sofia,1.1102230246251566e-17
Name_van,1.1102230246251566e-17
Ticket_113776,1.1102230246251566e-17
Name_william,1.1102230246251566e-17
Name_sidney,1.1102230246251566e-17
Ticket_244252,1.1102230246251566e-17
Ticket_17582,1.1102230246251566e-17
Parch_ratio_SibSp,1.1102230246251566e-17
Parch_multiply_Age,1.1102230246251566e-17
Pclass_diff_Parch,1.1102230246251566e-17
Ticket_ah,1.1102230246251566e-17
Ticket_4133,1.1102230246251566e-17
Ticket_349246,1.1102230246251566e-17
Ticket_349215,1.1102230246251566e-17
Ticket_349214,1.1102230246251566e-17
Ticket_34651,1.1102230246251566e-17
Ticket_345773,1.1102230246251566e-17
Ticket_17572,1.1102230246251566e-17
Ticket_345767,1.1102230246251566e-17
Ticket_3101295,1.1102230246251566e-17
Ticket_2666,1.1102230246251566e-17
Ticket_244367,1.1102230246251566e-17
Name_peter,1.1102230246251566e-17
Ticket_239853,1.1102230246251566e-17
Ticket_2315,1.1102230246251566e-17
Ticket_220845,1.1102230246251566e-17
Ticket_2144,1.1102230246251566e-17
Ticket_19950,1.1102230246251566e-17
Ticket_17604,1.1102230246251566e-17
Ticket_330877,1.1102230246251566e-17
Name_patrick,1.1102230246251566e-17
PassengerId,1.1102230246251566e-17
Name_emily,1.1102230246251566e-17
Name_arthur,1.1102230246251566e-17
Name_elizabeth,1.1102230246251566e-17
Name_john,1.1102230246251566e-17
Name_jean,1.1102230246251566e-17
Name_august,1.1102230246251566e-17
Name_jane,1.1102230246251566e-17
Name_james,1.1102230246251566e-17
Name_henry,1.1102230246251566e-17
Name_harris,1.1102230246251566e-17
Name_brown,1.1102230246251566e-17
Name_george,1.1102230246251566e-17
Name_frederick,1.1102230246251566e-17
Name_catherine,1.1102230246251566e-17
Name_daniel,1.1102230246251566e-17
Name_davis,1.1102230246251566e-17
Name_francis,1.1102230246251566e-17
Name_dr,1.1102230246251566e-17
Name_edith,1.1102230246251566e-17
Name_elisabeth,1.1102230246251566e-17
Name_arnold,1.1102230246251566e-17
Name_joseph,1.1102230246251566e-17
Name_norman,1.1102230246251566e-17
Name_anders,1.1102230246251566e-17
Name_miss,1.1102230246251566e-17
Name_alice,1.1102230246251566e-17
Name_maria,1.1102230246251566e-17
Name_margaret,1.1102230246251566e-17
Embarked,1.1102230246251566e-17
Name_nora,1.1102230246251566e-17
Age,1.1102230246251566e-17
Name_lillian,1.1102230246251566e-17
Ticket_29750,2.2204460492503132e-17
Ticket_28403,2.2204460492503132e-17
SibSp,2.2204460492503132e-17
Ticket_sc,2.2204460492503132e-17
Ticket_ca,2.2204460492503132e-17
Ticket_pc,2.2204460492503132e-17
Ticket_paris,2.2204460492503132e-17
Ticket_31027,2.2204460492503132e-17
Ticket_315153,2.2204460492503132e-17
Name_carter,2.2204460492503132e-17
Ticket_324669,2.2204460492503132e-17
SibSp_ratio_Parch,2.2204460492503132e-17
Name_brien,2.2204460492503132e-17
Ticket_364849,2.2204460492503132e-17
Ticket_367230,2.2204460492503132e-17
Ticket_364516,2.2204460492503132e-17
Ticket_349237,2.2204460492503132e-17
Ticket_349219,2.2204460492503132e-17
Name_anne,2.2204460492503132e-17
Ticket_349216,2.2204460492503132e-17
Ticket_370365,2.2204460492503132e-17
Ticket_371110,2.2204460492503132e-17
Name_bertram,2.2204460492503132e-17
Ticket_349209,2.2204460492503132e-17
Ticket_54636,2.2204460492503132e-17
Ticket_347742,2.2204460492503132e-17
Ticket_5735,2.2204460492503132e-17
Ticket_347082,2.2204460492503132e-17
Ticket_6608,2.2204460492503132e-17
Name_bertha,2.2204460492503132e-17
Ticket_347077,2.2204460492503132e-17
Name_andersson,2.2204460492503132e-17
Ticket_349213,2.2204460492503132e-17
Name_olsen,2.2204460492503132e-17
Ticket_110152,2.2204460492503132e-17
Ticket_113806,2.2204460492503132e-17
Ticket_13529,2.2204460492503132e-17
Name_hugh,2.2204460492503132e-17
Ticket_17569,2.2204460492503132e-17
Name_hart,2.2204460492503132e-17
Name_leonard,2.2204460492503132e-17
Name_karl,2.2204460492503132e-17
Name_harry,2.2204460492503132e-17
Ticket_113760,2.2204460492503132e-17
Name_mary,2.2204460492503132e-17
Ticket_11751,2.2204460492503132e-17
Ticket_19943,2.2204460492503132e-17
Name_sage,2.2204460492503132e-17
Ticket_2123,2.2204460492503132e-17
Name_kate,2.2204460492503132e-17
Ticket_113505,2.2204460492503132e-17
Name_percival,2.2204460492503132e-17
Ticket_237736,2.2204460492503132e-17
Name_fortune,2.2204460492503132e-17
Name_palsson,2.2204460492503132e-17
Ticket_24160,2.2204460492503132e-17
Name_oskar,2.2204460492503132e-17
Name_ernst,2.2204460492503132e-17
Name_hansen,2.2204460492503132e-17
Ticket_11668,2.2204460492503132e-17
Name_vander,3.3306690738754695e-17
Name_martin,3.3306690738754695e-17
Name_marie,3.3306690738754695e-17
Name_martha,3.3306690738754695e-17
Ticket_9549,3.3306690738754695e-17
Name_moran,3.3306690738754695e-17
Parch_ratio_Pclass,3.3306690738754695e-17
Ticket_382652,3.3306690738754695e-17
Ticket_363291,3.3306690738754695e-17
Ticket_248738,3.3306690738754695e-17
Name_anna,3.3306690738754695e-17
Name_ethel,3.3306690738754695e-17
Ticket_239865,3.3306690738754695e-17
Name_frank,3.3306690738754695e-17
Ticket_113789,3.3306690738754695e-17
Ticket_13507,3.3306690738754695e-17
Name_borland,3.3306690738754695e-17
Name_bourke,3.3306690738754695e-17
Ticket_3336,3.3306690738754695e-17
Ticket_17757,3.3306690738754695e-17
Ticket_230080,3.3306690738754695e-17
Name_graham,3.3306690738754695e-17
Ticket_230433,4.4408920985006264e-17
Ticket_soton,4.4408920985006264e-17
Ticket_250655,4.4408920985006264e-17
Ticket_113572,4.4408920985006264e-17
Name_victor,4.4408920985006264e-17
Ticket_349909,5.551115123125783e-17
Name_mrs,0.00023557487442468216
Name_albert,0.0002494561463972977
Name_robert,0.00028405383199943125
Parch_sum_Pclass,0.0014819812036704683
Name_thomas,0.0023685730089731518
Cabin,0.003447591822669305
Ticket_113781,0.00789203040136518
Name_master,0.008303258124221525
Ticket_ston,0.013382347804226558
Ticket_1601,0.022365767667083147
Fare,0.05373116819199769
Sex,0.05707174591830094
Pclass,0.20341976788160432
Name_mr,0.24630754121039217
